,dataset,10_100
0,Sorteria-100SOC-cell1,0.2981684981684981
1,Sorteria-100SOC-cell2,0.27509157509157506
2,Sorteria-Control-100SOC-cell1,0.29523809523809513
3,Sorteria-Control-100SOC-cell2,0.15494505494505492
4,LCO-LP-6400mAh-100SOC-cell1,0.2849816849816849
5,LCO-LP-6400mAh-100SOC-cell2,0.15897435897435896
6,LCO-LP-6400mAh-80SOC-Cell3,0.36483516483516476
7,LCO-LP6400mAh-80SOC-cell4,0.4483516483516483
8,Soetria-80SOC-cell3,0.15787545787545784
9,Sorteria-Control-60SOC-cell1,0.46153846153846145
10,Soetria-Control-45SOC-cell1,0.2490842490842491
11,Sorteria-control-40SOC-cell2,0.2227106227106227
12,Sorteria-control-20SOC-cell1,0.28864468864468856
13,Soteria-control-30SOC-cell2,0.2981684981684981
14,Soteria-control-30SOC-cell1,0.3849816849816849
15,Soteria-control-10SOC-cell1,0.28974358974358966
16,Soteria-Control-0SOC-cell1,0.2996336996336995
17,Soteria-SCC-90SOC-cell1,0.20879120879120877
18,Soteria-SCC-80SOC-cell1,0.3619047619047618
19,Soteria-SCC-60SOC-cell1,0.20586080586080585
20,Soteria-SCC-20SOC-5180mAh,0.23150183150183146
21,OE-LCO-6470mAh-60SOC,0.3567765567765567
22,OE-LCO-6490mAh-60SOC,0.3699633699633698
23,OE-LCO-6270mAh-40SOC,0.4424908424908425
24,OE-LCO-6500mAh-20SOC,0.37216117216117206
25,OE-LCO-6560mAh-0SOC,0.3846153846153845
26,OE-LCO-6550mAh-20SOC,0.2831501831501831
27,OE-LCO-6500mAh-40SOC,0.3421245421245421
28,OE-LCO-6340mAh-0SOC,0.3615384615384615
29,OE-LCO-6400mAh-20SOC,0.3432234432234431
30,Soteria-SCC-5070-70SOC,0.2516483516483516
31,OE-LFP10Ah-0SOC-cell9,0.4926739926739926
32,OE-LFP10Ah-0SOC-cell10,0.32564102564102554
33,OE-LFP10Ah-40SOC-cell7,0.4527472527472527
34,OE-LFP10Ah-40SOC-cell8,0.4652014652014651
35,OE-LFP10Ah-70SOC-cell5,0.41135531135531134
36,OE-LFP10Ah-70SOC-cell6,0.3985347985347984
37,OE-LFP10Ah-80SOC-cell3,0.48424908424908414
38,OE-LFP10Ah-80SOC-cell4,0.32234432234432225
39,OE-10Ahr-NMC-70SOC-cell7,0.10586080586080585
40,OE-10Ahr-NMC-80SOC-cell8,0.2597069597069597
41,OE-10Ahr-NMC-80SOC-Cell9,0.09413919413919412
42,OE-10Ahr-NMC-100SOC-cell10,0.22673992673992668
43,OE-10Ahr-NMC-100SOC-cell11,0.10073260073260075
44,OE-LFP10Ah-100SOC-cell1,0.45604395604395603
45,OE-LFP10Ah-100SOC-cell2,0.5139194139194138
46,OE-LFP10Ah-100SOC-cell12,0.4608058608058607
47,Soteria-Control-50SOC,0.3197802197802197
48,Soteria-SCC-4160mAh-100SOC-8mm,0.3890109890109889
49,OE-10Ahr-NMC-70SOC-cell6,0.3197802197802197
50,OE-10AHr-NMC-40SOC-Cell4,0.44688644688644696
51,OE-10Ahr-NMC-40SOC-cell1,0.345054945054945
52,OE-10Ahr-NMC-0SOC-cell1,0.364102564102564
53,OE-10Ahr-NMC-0SOC-cell2,0.43699633699633705
54,OE-LFP10Ah-80SOC-Cell15,0.4135531135531135
55,LFP10Ah-60SOC-Cell17,0.4377289377289377
56,Soteria-SCC-4720mAh-40SOC,0.3164835164835164
57,Soteria-SCC-4700mAh-100SOC-12mm,0.19670329670329664
58,OE-LFP-cell14-60SOC-10Ah,0.31611721611721605
59,OE-LFP10Ah-80SOC-cell13,0.28864468864468856
60,OE-LFP10Ah-60SOC,0.37619047619047613
61,500mAh1-20S0C,0.2967032967032966
62,500mAh1-40S0C,0.3186813186813186
63,500mAh1-60S0C,0.3798534798534798
64,500mAh1-80S0C,0.39010989010989
65,500mAh1-100S0C,0.4783882783882783
66,500mAh2-20S0C,0.4882783882783882
67,500mAh2-40S0C,0.49377289377289374
68,500mAh2-60S0C,0.3179487179487179
69,500mAh2-80S0C,0.2908424908424908
70,500mAh2-100S0C,0.4161172161172161
71,500mAh3-20S0C,0.5153846153846154
72,500mAh3-40S0C,0.45164835164835165
73,500mAh3-60S0C,0.4304029304029304
74,500mAh3-80S0C,0.43003663003662995
75,500mAh3-100S0C,0.3963369963369962
76,2000mAh1-20S0C,0.44102564102564096
77,2000mAh1-40S0C,0.375091575091575
78,2000mAh1-60S0C,0.35604395604395594
79,2000mAh1-80S0C,0.4791208791208791
80,2000mAh1-100S0C,0.3809523809523809
81,2000mAh2-20S0C,0.43003663003662995
82,2000mAh2-40S0C,0.4117216117216117
83,2000mAh2-60S0C,0.45860805860805864
84,2000mAh2-80S0C,0.4765567765567764
85,2000mAh2-100S0C,0.3545787545787545
86,OE-NMC10Ah-60SOC,0.2293040293040293
87,OE-NMC10Ah-50SOC,0.423076923076923
88,1500mAh1-20S0C,0.3197802197802197
89,1500mAh1-40S0C,0.25164835164835164
90,1500mAh1-60S0C,0.47216117216117215
91,1500mAh1-80S0C,0.36080586080586075
92,1500mAh1-100S0C,0.4252747252747252
93,1500mAh2-20S0C,0.30073260073260066
94,1500mAh2-40S0C,0.47545787545787543
95,1500mAh2-60S0C,0.3798534798534798
96,1500mAh2-80S0C,0.3377289377289377
97,1500mAh2-100S0C,0.43113553113553105
98,1500mAh3-20S0C,0.4465201465201465
99,1500mAh3-40S0C,0.3985347985347984
100,1500mAh3-60S0C,0.342124542124542
101,1500mAh3-80S0C,0.41758241758241754
102,1500mAh3-100S0C,0.44212454212454205
103,OE-NMC10Ah-45SOC,0.4117216117216117
104,OE-NMC10Ah-20SOC,0.43589743589743585
105,Soteria-SCC-5050mAhr-100SOC,0.3146520146520146
106,Soteria-control-5100mAh-50SOC,0.45421245421245415
107,OE-NMC10Ah-20SOC-cell2,0.4505494505494505
108,OE-NMC10Ah-45SOC-cell2,0.3871794871794871
109,OE-LFP10Ah-20SOC,0.4498168498168498
110,Soteria-Control-5120mAh-50SOC,0.44358974358974357
111,Soteria-Control-5100mAh-55SOC,0.47545787545787543
112,Soteria-Control-5010mAh-20SOC,0.4461538461538461
113,Soteria-Control-5030mAh-10SOC,0.4805860805860806
114,Soteria-SCC-4870mah-0SOC,0.3615384615384614
115,Soteria-SCC-4630mAh-10SOC,0.30549450549450546
116,Soteria-SCC-5080mAh-20SOC,0.3934065934065933
117,Soteria-SCC-5170mAh-60SOC,0.1787545787545787
